!0Shwpatch.big	f633324e257fa5cd60a44bc200ddfc3f04c66e05acb8ea62fd19486a98e9e034	http://gen.insave.ovh:9000/shockwavechaos/scm/%210Shwpatch.big
!ChaosArt.big	1d2a2b855b401b8c4e96e96f042b27e47b150de3d845e2eab24ea9079b278ef8	http://gen.insave.ovh:9000/shockwavechaos/scm/%21ChaosArt.big
!ChaosAudio.big	6790bb62e39344e0d0604cf0198ef9f2ddb65b2027e5bdcfcdd2cb90966d905e	http://gen.insave.ovh:9000/shockwavechaos/scm/%21ChaosAudio.big
!Shw2DArt.big	994494915b28196ca3c70f3f82ecbf88834ebda30fa5e9a00bbd409ca2b65f15	http://gen.insave.ovh:9000/shockwavechaos/scm/%21Shw2DArt.big
!ShwAudio.big	1ed9f35403d165c41b9da41a5d633def6008c8da3ef470d9302bb12e3d950fca	http://gen.insave.ovh:9000/shockwavechaos/scm/%21ShwAudio.big
!ShwTextures.big	9bfc849084c108c858df1d68fcca7c6f8a41e8a09187ff6bde7376b92f19a39b	http://gen.insave.ovh:9000/shockwavechaos/scm/%21ShwTextures.big
!ShwVoice.big	db30c03a885c0bf53315e7da224f4b449c13a1d05c26271ed3b19c1ed7321bbd	http://gen.insave.ovh:9000/shockwavechaos/scm/%21ShwVoice.big
!ShwW3D.big	b652c0bd948beef6673b4b64932c88a5c6eb30fccbd14b0d8db73b7809fbbc3e	http://gen.insave.ovh:9000/shockwavechaos/scm/%21ShwW3D.big
!Shw_Challenge.big	17aa17435bea35d92365116ebd90e54923b1417c2e2702853282a784cf271d46	http://gen.insave.ovh:9000/shockwavechaos/scm/%21Shw_Challenge.big
!Shw_ini.big	10990bee4a33cb899e952ac60d612524e6df7eb7c775b500ee23736061828294	http://gen.insave.ovh:9000/shockwavechaos/scm/%21Shw_ini.big
!Shw_maps.big	3183505212f61810e099963ec59c1ee1317d1640acfea62329cd878dd7036e58	http://gen.insave.ovh:9000/shockwavechaos/scm/%21Shw_maps.big
!Shw_scripts.big	d5926738a8498840f749a8eef0f22c3286c7f06059b7ab48a95ddb2adaaa8382	http://gen.insave.ovh:9000/shockwavechaos/scm/%21Shw_scripts.big
!Shw_wnd.big	c287fac27b3657ed94113e255fac86515b7ef752c58eeb1780a04ac824364035	http://gen.insave.ovh:9000/shockwavechaos/scm/%21Shw_wnd.big
Install_Final.bmp	8c0f6228553df62baecb46846556c991527a773bddde7b2276b7cfb590acaf85	http://gen.insave.ovh:9000/shockwavechaos/scm/Install_Final.bmp
