!!ContraXBeta2_Patch1.big	9172b6a63da56569e5bffc078a1188915f79d6bbbe859b7add54444e1b4fa634	http://gen.insave.ovh:9000/contra/contra-individual-files/%21%21ContraXBeta2_Patch1.big
!ContraXBeta2_AI.big	1023a048c4677f023d03d54b1d0489e9297c48cc1181637530d9fec3328df970	http://gen.insave.ovh:9000/contra/contra-individual-files/%21ContraXBeta2_AI.big
!ContraXBeta2_Audio.big	b45d71cbfd4c4047612dd95209811ca36da6115edbca05bd3f5767a2e770f7bc	http://gen.insave.ovh:9000/contra/contra-individual-files/%21ContraXBeta2_Audio.big
!ContraXBeta2_GameData.big	2e643f8d8633c8fe10adac488c6c4288269d3d0adf57f0909ba034fffa2dc6cd	http://gen.insave.ovh:9000/contra/contra-individual-files/%21ContraXBeta2_GameData.big
!ContraXBeta2_HotkeysOriginal_English.big	1a786c31d4d55dc64acd3fcfd9bd505c4eecc959a90e5b1cf397e6364d605482	http://gen.insave.ovh:9000/contra/contra-individual-files/%21ContraXBeta2_HotkeysOriginal_English.big
!ContraXBeta2_INI.big	5c3171d3d3bb0c5d17635097ad1a2f07af2a1e5de9d087d12d2568c9d4e7de9e	http://gen.insave.ovh:9000/contra/contra-individual-files/%21ContraXBeta2_INI.big
!ContraXBeta2_Maps.big	53fa44f5ad83c28795f9759cef1ac1c576f330128950712eb4e1b8fa7e2ce09b	http://gen.insave.ovh:9000/contra/contra-individual-files/%21ContraXBeta2_Maps.big
!ContraXBeta2_Terrain.big	2fee1cb136a727ab2a1372724907c9264ef773fc364f32223aee82c354ebf8a4	http://gen.insave.ovh:9000/contra/contra-individual-files/%21ContraXBeta2_Terrain.big
!ContraXBeta2_Textures.big	bd581eac774352e2e113b93fba427017aadea0d86aa2bba2f2e12b163da39639	http://gen.insave.ovh:9000/contra/contra-individual-files/%21ContraXBeta2_Textures.big
!ContraXBeta2_UnitVoicesEnglish.big	065eeb6da9ac0ec49f1e76f57388c4d271118a4d11b9bf3e5e6719155c4cddc4	http://gen.insave.ovh:9000/contra/contra-individual-files/%21ContraXBeta2_UnitVoicesEnglish.big
!ContraXBeta2_W3D.big	709ab1c8072e231c37a30d90a5243d31f070dd479847221529787e265a5c77e4	http://gen.insave.ovh:9000/contra/contra-individual-files/%21ContraXBeta2_W3D.big
!ContraXBeta2_Window.big	1a98728e8bb6a18fd975c6ded0dc63900392c8c4d14c4739ee566194feb126b4	http://gen.insave.ovh:9000/contra/contra-individual-files/%21ContraXBeta2_Window.big
Install_Final.bmp	40ff0197fa125b80d1cb9351e4cfef6404c93984e3dfff150c0689d9f66dc8ad	http://gen.insave.ovh:9000/contra/contra-individual-files/Install_Final.bmp
