extract	REDALERT.MIX	hires.mix	ra/v2/hires.mix
extract	REDALERT.MIX	local.mix	ra/v2/local.mix
extract	REDALERT.MIX	lores.mix	ra/v2/lores.mix
extract	REDALERT.MIX	speech.mix	ra/v2/speech.mix
extract	MAIN1.MIX	interior.mix	ra/v2/interior.mix
extract	MAIN1.MIX	conquer.mix	ra/v2/conquer.mix
extract	MAIN1.MIX	allies.mix	ra/v2/allies.mix
extract	MAIN1.MIX	temperat.mix	ra/v2/temperat.mix
extract	MAIN1.MIX	sounds.mix	ra/v2/sounds.mix
extract	MAIN1.MIX	snow.mix	ra/v2/snow.mix
extract	MAIN1.MIX	russian.mix	ra/v2/russian.mix
extract	MAIN1.MIX	scores.mix	ra/v2/scores.mix
copy	.	EXPAND2.MIX	ra/v2/expand/expand2.mix
copy	.	HIRES1.MIX	ra/v2/expand/hires1.mix
copy	.	LORES1.MIX	ra/v2/expand/lores1.mix
extract	MAIN4.MIX	sounds.mix	ra/v2/expand/sounds-aftermath.mix
extract	@content/ra/v2/expand/sounds-aftermath.mix	chrotnk1.aud	ra/v2/expand/chrotnk1.aud
extract	@content/ra/v2/expand/sounds-aftermath.mix	fixit1.aud	ra/v2/expand/fixit1.aud
extract	@content/ra/v2/expand/sounds-aftermath.mix	jburn1.aud	ra/v2/expand/jburn1.aud
extract	@content/ra/v2/expand/sounds-aftermath.mix	jchrge1.aud	ra/v2/expand/jchrge1.aud
extract	@content/ra/v2/expand/sounds-aftermath.mix	jcrisp1.aud	ra/v2/expand/jcrisp1.aud
extract	@content/ra/v2/expand/sounds-aftermath.mix	jdance1.aud	ra/v2/expand/jdance1.aud
extract	@content/ra/v2/expand/sounds-aftermath.mix	jjuice1.aud	ra/v2/expand/jjuice1.aud
extract	@content/ra/v2/expand/sounds-aftermath.mix	jjump1.aud	ra/v2/expand/jjump1.aud
extract	@content/ra/v2/expand/sounds-aftermath.mix	jlight1.aud	ra/v2/expand/jlight1.aud
extract	@content/ra/v2/expand/sounds-aftermath.mix	jpower1.aud	ra/v2/expand/jpower1.aud
extract	@content/ra/v2/expand/sounds-aftermath.mix	jshock1.aud	ra/v2/expand/jshock1.aud
extract	@content/ra/v2/expand/sounds-aftermath.mix	jyes1.aud	ra/v2/expand/jyes1.aud
extract	@content/ra/v2/expand/sounds-aftermath.mix	madchrg2.aud	ra/v2/expand/madchrg2.aud
extract	@content/ra/v2/expand/sounds-aftermath.mix	madexplo.aud	ra/v2/expand/madexplo.aud
extract	@content/ra/v2/expand/sounds-aftermath.mix	mboss1.aud	ra/v2/expand/mboss1.aud
extract	@content/ra/v2/expand/sounds-aftermath.mix	mhear1.aud	ra/v2/expand/mhear1.aud
extract	@content/ra/v2/expand/sounds-aftermath.mix	mhotdig1.aud	ra/v2/expand/mhotdig1.aud
extract	@content/ra/v2/expand/sounds-aftermath.mix	mhowdy1.aud	ra/v2/expand/mhowdy1.aud
extract	@content/ra/v2/expand/sounds-aftermath.mix	mhuh1.aud	ra/v2/expand/mhuh1.aud
extract	@content/ra/v2/expand/sounds-aftermath.mix	mlaff1.aud	ra/v2/expand/mlaff1.aud
extract	@content/ra/v2/expand/sounds-aftermath.mix	mrise1.aud	ra/v2/expand/mrise1.aud
extract	@content/ra/v2/expand/sounds-aftermath.mix	mwrench1.aud	ra/v2/expand/mwrench1.aud
extract	@content/ra/v2/expand/sounds-aftermath.mix	myeehaw1.aud	ra/v2/expand/myeehaw1.aud
extract	@content/ra/v2/expand/sounds-aftermath.mix	myes1.aud	ra/v2/expand/myes1.aud
delete	.	ra/v2/expand/sounds-aftermath.mix	-
extract	MAIN4.MIX	scores.mix	ra/v2/expand/scores-aftermath.mix
extract	@content/ra/v2/expand/scores-aftermath.mix	await.aud	ra/v2/expand/await.aud
extract	@content/ra/v2/expand/scores-aftermath.mix	bog.aud	ra/v2/expand/bog.aud
extract	@content/ra/v2/expand/scores-aftermath.mix	float_v2.aud	ra/v2/expand/float_v2.aud
extract	@content/ra/v2/expand/scores-aftermath.mix	gloom.aud	ra/v2/expand/gloom.aud
extract	@content/ra/v2/expand/scores-aftermath.mix	grndwire.aud	ra/v2/expand/grndwire.aud
extract	@content/ra/v2/expand/scores-aftermath.mix	rpt.aud	ra/v2/expand/rpt.aud
extract	@content/ra/v2/expand/scores-aftermath.mix	search.aud	ra/v2/expand/search.aud
extract	@content/ra/v2/expand/scores-aftermath.mix	traction.aud	ra/v2/expand/traction.aud
extract	@content/ra/v2/expand/scores-aftermath.mix	wastelnd.aud	ra/v2/expand/wastelnd.aud
delete	.	ra/v2/expand/scores-aftermath.mix	-
extract	MAIN3.MIX	scores.mix	ra/v2/expand/scores-counterstrike.mix
extract	@content/ra/v2/expand/scores-counterstrike.mix	2nd_hand.aud	ra/v2/expand/2nd_hand.aud
extract	@content/ra/v2/expand/scores-counterstrike.mix	araziod.aud	ra/v2/expand/araziod.aud
extract	@content/ra/v2/expand/scores-counterstrike.mix	backstab.aud	ra/v2/expand/backstab.aud
extract	@content/ra/v2/expand/scores-counterstrike.mix	chaos2.aud	ra/v2/expand/chaos2.aud
extract	@content/ra/v2/expand/scores-counterstrike.mix	shut_it.aud	ra/v2/expand/shut_it.aud
extract	@content/ra/v2/expand/scores-counterstrike.mix	twinmix1.aud	ra/v2/expand/twinmix1.aud
extract	@content/ra/v2/expand/scores-counterstrike.mix	under3.aud	ra/v2/expand/under3.aud
extract	@content/ra/v2/expand/scores-counterstrike.mix	vr2.aud	ra/v2/expand/vr2.aud
delete	.	ra/v2/expand/scores-counterstrike.mix	-
extract	MAIN1.MIX	movies1.mix	ra/v2/movies1.mix
extract	@content/ra/v2/movies1.mix	aagun.vqa	ra/v2/movies/aagun.vqa
extract	@content/ra/v2/movies1.mix	aftrmath.vqa	ra/v2/movies/aftrmath.vqa
extract	@content/ra/v2/movies1.mix	ally12.vqa	ra/v2/movies/ally12.vqa
extract	@content/ra/v2/movies1.mix	ally14.vqa	ra/v2/movies/ally14.vqa
extract	@content/ra/v2/movies1.mix	allyend.vqa	ra/v2/movies/allyend.vqa
extract	@content/ra/v2/movies1.mix	allymorf.vqa	ra/v2/movies/allymorf.vqa
extract	@content/ra/v2/movies1.mix	apcescpe.vqa	ra/v2/movies/apcescpe.vqa
extract	@content/ra/v2/movies1.mix	assess.vqa	ra/v2/movies/assess.vqa
extract	@content/ra/v2/movies1.mix	battle.vqa	ra/v2/movies/battle.vqa
extract	@content/ra/v2/movies1.mix	binoc.vqa	ra/v2/movies/binoc.vqa
extract	@content/ra/v2/movies1.mix	bmap.vqa	ra/v2/movies/bmap.vqa
extract	@content/ra/v2/movies1.mix	brdgtilt.vqa	ra/v2/movies/brdgtilt.vqa
extract	@content/ra/v2/movies1.mix	cronfail.vqa	ra/v2/movies/cronfail.vqa
extract	@content/ra/v2/movies1.mix	crontest.vqa	ra/v2/movies/crontest.vqa
extract	@content/ra/v2/movies1.mix	destroyr.vqa	ra/v2/movies/destroyr.vqa
extract	@content/ra/v2/movies1.mix	dud.vqa	ra/v2/movies/dud.vqa
extract	@content/ra/v2/movies1.mix	elevator.vqa	ra/v2/movies/elevator.vqa
extract	@content/ra/v2/movies1.mix	flare.vqa	ra/v2/movies/flare.vqa
extract	@content/ra/v2/movies1.mix	frozen.vqa	ra/v2/movies/frozen.vqa
extract	@content/ra/v2/movies1.mix	grvestne.vqa	ra/v2/movies/grvestne.vqa
extract	@content/ra/v2/movies1.mix	landing.vqa	ra/v2/movies/landing.vqa
extract	@content/ra/v2/movies1.mix	masasslt.vqa	ra/v2/movies/masasslt.vqa
extract	@content/ra/v2/movies1.mix	mcv.vqa	ra/v2/movies/mcv.vqa
extract	@content/ra/v2/movies1.mix	mcv_land.vqa	ra/v2/movies/mcv_land.vqa
extract	@content/ra/v2/movies1.mix	montpass.vqa	ra/v2/movies/montpass.vqa
extract	@content/ra/v2/movies1.mix	oildrum.vqa	ra/v2/movies/oildrum.vqa
extract	@content/ra/v2/movies1.mix	overrun.vqa	ra/v2/movies/overrun.vqa
extract	@content/ra/v2/movies1.mix	prolog.vqa	ra/v2/movies/prolog.vqa
extract	@content/ra/v2/movies1.mix	redintro.vqa	ra/v2/movies/redintro.vqa
extract	@content/ra/v2/movies1.mix	shipsink.vqa	ra/v2/movies/shipsink.vqa
extract	@content/ra/v2/movies1.mix	shorbom1.vqa	ra/v2/movies/shorbom1.vqa
extract	@content/ra/v2/movies1.mix	shorbom2.vqa	ra/v2/movies/shorbom2.vqa
extract	@content/ra/v2/movies1.mix	shorbomb.vqa	ra/v2/movies/shorbomb.vqa
extract	@content/ra/v2/movies1.mix	snowbomb.vqa	ra/v2/movies/snowbomb.vqa
extract	@content/ra/v2/movies1.mix	soviet1.vqa	ra/v2/movies/soviet1.vqa
extract	@content/ra/v2/movies1.mix	sovtstar.vqa	ra/v2/movies/sovtstar.vqa
extract	@content/ra/v2/movies1.mix	spy.vqa	ra/v2/movies/spy.vqa
extract	@content/ra/v2/movies1.mix	tanya1.vqa	ra/v2/movies/tanya1.vqa
extract	@content/ra/v2/movies1.mix	tanya2.vqa	ra/v2/movies/tanya2.vqa
extract	@content/ra/v2/movies1.mix	toofar.vqa	ra/v2/movies/toofar.vqa
extract	@content/ra/v2/movies1.mix	trinity.vqa	ra/v2/movies/trinity.vqa
extract	@content/ra/v2/movies1.mix	ally1.vqa	ra/v2/movies/ally1.vqa
extract	@content/ra/v2/movies1.mix	ally2.vqa	ra/v2/movies/ally2.vqa
extract	@content/ra/v2/movies1.mix	ally4.vqa	ra/v2/movies/ally4.vqa
extract	@content/ra/v2/movies1.mix	ally5.vqa	ra/v2/movies/ally5.vqa
extract	@content/ra/v2/movies1.mix	ally6.vqa	ra/v2/movies/ally6.vqa
extract	@content/ra/v2/movies1.mix	ally8.vqa	ra/v2/movies/ally8.vqa
extract	@content/ra/v2/movies1.mix	ally9.vqa	ra/v2/movies/ally9.vqa
extract	@content/ra/v2/movies1.mix	ally10.vqa	ra/v2/movies/ally10.vqa
extract	@content/ra/v2/movies1.mix	ally10b.vqa	ra/v2/movies/ally10b.vqa
extract	@content/ra/v2/movies1.mix	ally11.vqa	ra/v2/movies/ally11.vqa
delete	.	ra/v2/movies1.mix	-
extract	MAIN2.MIX	movies2.mix	ra/v2/movies2.mix
extract	@content/ra/v2/movies2.mix	double.vqa	ra/v2/movies/double.vqa
extract	@content/ra/v2/movies2.mix	dpthchrg.vqa	ra/v2/movies/dpthchrg.vqa
extract	@content/ra/v2/movies2.mix	execute.vqa	ra/v2/movies/execute.vqa
extract	@content/ra/v2/movies2.mix	flare.vqa	ra/v2/movies/flare.vqa
extract	@content/ra/v2/movies2.mix	landing.vqa	ra/v2/movies/landing.vqa
extract	@content/ra/v2/movies2.mix	mcvbrdge.vqa	ra/v2/movies/mcvbrdge.vqa
extract	@content/ra/v2/movies2.mix	mig.vqa	ra/v2/movies/mig.vqa
extract	@content/ra/v2/movies2.mix	movingin.vqa	ra/v2/movies/movingin.vqa
extract	@content/ra/v2/movies2.mix	mtnkfact.vqa	ra/v2/movies/mtnkfact.vqa
extract	@content/ra/v2/movies2.mix	nukestok.vqa	ra/v2/movies/nukestok.vqa
extract	@content/ra/v2/movies2.mix	onthprwl.vqa	ra/v2/movies/onthprwl.vqa
extract	@content/ra/v2/movies2.mix	periscop.vqa	ra/v2/movies/periscop.vqa
extract	@content/ra/v2/movies2.mix	prolog.vqa	ra/v2/movies/prolog.vqa
extract	@content/ra/v2/movies2.mix	radrraid.vqa	ra/v2/movies/radrraid.vqa
extract	@content/ra/v2/movies2.mix	redintro.vqa	ra/v2/movies/redintro.vqa
extract	@content/ra/v2/movies2.mix	search.vqa	ra/v2/movies/search.vqa
extract	@content/ra/v2/movies2.mix	sfrozen.vqa	ra/v2/movies/sfrozen.vqa
extract	@content/ra/v2/movies2.mix	sitduck.vqa	ra/v2/movies/sitduck.vqa
extract	@content/ra/v2/movies2.mix	slntsrvc.vqa	ra/v2/movies/slntsrvc.vqa
extract	@content/ra/v2/movies2.mix	snowbomb.vqa	ra/v2/movies/snowbomb.vqa
extract	@content/ra/v2/movies2.mix	snstrafe.vqa	ra/v2/movies/snstrafe.vqa
extract	@content/ra/v2/movies2.mix	sovbatl.vqa	ra/v2/movies/sovbatl.vqa
extract	@content/ra/v2/movies2.mix	sovcemet.vqa	ra/v2/movies/sovcemet.vqa
extract	@content/ra/v2/movies2.mix	sovfinal.vqa	ra/v2/movies/sovfinal.vqa
extract	@content/ra/v2/movies2.mix	soviet1.vqa	ra/v2/movies/soviet1.vqa
extract	@content/ra/v2/movies2.mix	soviet2.vqa	ra/v2/movies/soviet2.vqa
extract	@content/ra/v2/movies2.mix	soviet3.vqa	ra/v2/movies/soviet3.vqa
extract	@content/ra/v2/movies2.mix	soviet4.vqa	ra/v2/movies/soviet4.vqa
extract	@content/ra/v2/movies2.mix	soviet5.vqa	ra/v2/movies/soviet5.vqa
extract	@content/ra/v2/movies2.mix	soviet6.vqa	ra/v2/movies/soviet6.vqa
extract	@content/ra/v2/movies2.mix	soviet7.vqa	ra/v2/movies/soviet7.vqa
extract	@content/ra/v2/movies2.mix	soviet8.vqa	ra/v2/movies/soviet8.vqa
extract	@content/ra/v2/movies2.mix	soviet9.vqa	ra/v2/movies/soviet9.vqa
extract	@content/ra/v2/movies2.mix	soviet10.vqa	ra/v2/movies/soviet10.vqa
extract	@content/ra/v2/movies2.mix	soviet11.vqa	ra/v2/movies/soviet11.vqa
extract	@content/ra/v2/movies2.mix	soviet12.vqa	ra/v2/movies/soviet12.vqa
extract	@content/ra/v2/movies2.mix	soviet13.vqa	ra/v2/movies/soviet13.vqa
extract	@content/ra/v2/movies2.mix	soviet14.vqa	ra/v2/movies/soviet14.vqa
extract	@content/ra/v2/movies2.mix	sovmcv.vqa	ra/v2/movies/sovmcv.vqa
extract	@content/ra/v2/movies2.mix	sovtstar.vqa	ra/v2/movies/sovtstar.vqa
extract	@content/ra/v2/movies2.mix	spotter.vqa	ra/v2/movies/spotter.vqa
extract	@content/ra/v2/movies2.mix	strafe.vqa	ra/v2/movies/strafe.vqa
extract	@content/ra/v2/movies2.mix	take_off.vqa	ra/v2/movies/take_off.vqa
extract	@content/ra/v2/movies2.mix	tesla.vqa	ra/v2/movies/tesla.vqa
extract	@content/ra/v2/movies2.mix	v2rocket.vqa	ra/v2/movies/v2rocket.vqa
extract	@content/ra/v2/movies2.mix	aagun.vqa	ra/v2/movies/aagun.vqa
extract	@content/ra/v2/movies2.mix	airfield.vqa	ra/v2/movies/airfield.vqa
extract	@content/ra/v2/movies2.mix	ally1.vqa	ra/v2/movies/ally1.vqa
extract	@content/ra/v2/movies2.mix	allymorf.vqa	ra/v2/movies/allymorf.vqa
extract	@content/ra/v2/movies2.mix	averted.vqa	ra/v2/movies/averted.vqa
extract	@content/ra/v2/movies2.mix	beachead.vqa	ra/v2/movies/beachead.vqa
extract	@content/ra/v2/movies2.mix	bmap.vqa	ra/v2/movies/bmap.vqa
extract	@content/ra/v2/movies2.mix	bombrun.vqa	ra/v2/movies/bombrun.vqa
extract	@content/ra/v2/movies2.mix	countdwn.vqa	ra/v2/movies/countdwn.vqa
extract	@content/ra/v2/movies2.mix	cronfail.vqa	ra/v2/movies/cronfail.vqa
delete	.	ra/v2/movies2.mix	-
