copy	.	CONQUER.MIX	cnc/conquer.mix
copy	.	DESERT.MIX	cnc/desert.mix
copy	.	GENERAL.MIX	cnc/general.mix
copy	.	SOUNDS.MIX	cnc/sounds.mix
copy	.	TEMPERAT.MIX	cnc/temperat.mix
copy	.	WINTER.MIX	cnc/winter.mix
copy	.	SPEECH.MIX	cnc/speech.mix
copy	.	TEMPICNH.MIX	cnc/tempicnh.mix
copy	.	TRANSIT.MIX	cnc/transit.mix
copy	.	SCORES.MIX	cnc/scores.mix
copy	.	SCORES.MIX	cnc/scores-covertops.mix
extract	movies.mix	visor.vqa	cnc/movies/visor.vqa
extract	movies.mix	turtkill.vqa	cnc/movies/turtkill.vqa
extract	movies.mix	trailer.vqa	cnc/movies/trailer.vqa
extract	movies.mix	tbrinfo3.vqa	cnc/movies/tbrinfo3.vqa
extract	movies.mix	tbrinfo2.vqa	cnc/movies/tbrinfo2.vqa
extract	movies.mix	tbrinfo1.vqa	cnc/movies/tbrinfo1.vqa
extract	movies.mix	seige.vqa	cnc/movies/seige.vqa
extract	movies.mix	samsite.vqa	cnc/movies/samsite.vqa
extract	movies.mix	samdie.vqa	cnc/movies/samdie.vqa
extract	movies.mix	sabotage.vqa	cnc/movies/sabotage.vqa
extract	movies.mix	retro.vqa	cnc/movies/retro.vqa
extract	movies.mix	podium.vqa	cnc/movies/podium.vqa
extract	movies.mix	planecra.vqa	cnc/movies/planecra.vqa
extract	movies.mix	pintle.vqa	cnc/movies/pintle.vqa
extract	movies.mix	paratrop.vqa	cnc/movies/paratrop.vqa
extract	movies.mix	nodsweep.vqa	cnc/movies/nodsweep.vqa
extract	movies.mix	nodlose.vqa	cnc/movies/nodlose.vqa
extract	movies.mix	nodflees.vqa	cnc/movies/nodflees.vqa
extract	movies.mix	nod1.vqa	cnc/movies/nod1.vqa
extract	movies.mix	nitejump.vqa	cnc/movies/nitejump.vqa
extract	movies.mix	napalm.vqa	cnc/movies/napalm.vqa
extract	movies.mix	logo.vqa	cnc/movies/logo.vqa
extract	movies.mix	landing.vqa	cnc/movies/landing.vqa
extract	movies.mix	intro2.vqa	cnc/movies/intro2.vqa
extract	movies.mix	hellvaly.vqa	cnc/movies/hellvaly.vqa
extract	movies.mix	gunboat.vqa	cnc/movies/gunboat.vqa
extract	movies.mix	generic.vqa	cnc/movies/generic.vqa
extract	movies.mix	gdilose.vqa	cnc/movies/gdilose.vqa
extract	movies.mix	gdifinb.vqa	cnc/movies/gdifinb.vqa
extract	movies.mix	gdifina.vqa	cnc/movies/gdifina.vqa
extract	movies.mix	gdiend2.vqa	cnc/movies/gdiend2.vqa
extract	movies.mix	gdiend1.vqa	cnc/movies/gdiend1.vqa
extract	movies.mix	gdi9.vqa	cnc/movies/gdi9.vqa
extract	movies.mix	gdi8b.vqa	cnc/movies/gdi8b.vqa
extract	movies.mix	gdi8a.vqa	cnc/movies/gdi8a.vqa
extract	movies.mix	gdi7.vqa	cnc/movies/gdi7.vqa
extract	movies.mix	gdi6.vqa	cnc/movies/gdi6.vqa
extract	movies.mix	gdi5.vqa	cnc/movies/gdi5.vqa
extract	movies.mix	gdi4b.vqa	cnc/movies/gdi4b.vqa
extract	movies.mix	gdi4a.vqa	cnc/movies/gdi4a.vqa
extract	movies.mix	gdi3lose.vqa	cnc/movies/gdi3lose.vqa
extract	movies.mix	gdi3.vqa	cnc/movies/gdi3.vqa
extract	movies.mix	gdi2.vqa	cnc/movies/gdi2.vqa
extract	movies.mix	gdi15.vqa	cnc/movies/gdi15.vqa
extract	movies.mix	gdi14.vqa	cnc/movies/gdi14.vqa
extract	movies.mix	gdi13.vqa	cnc/movies/gdi13.vqa
extract	movies.mix	gdi12.vqa	cnc/movies/gdi12.vqa
extract	movies.mix	gdi11.vqa	cnc/movies/gdi11.vqa
extract	movies.mix	gdi10.vqa	cnc/movies/gdi10.vqa
extract	movies.mix	gdi1.vqa	cnc/movies/gdi1.vqa
extract	movies.mix	gameover.vqa	cnc/movies/gameover.vqa
extract	movies.mix	forestkl.vqa	cnc/movies/forestkl.vqa
extract	movies.mix	flyy.vqa	cnc/movies/flyy.vqa
extract	movies.mix	flag.vqa	cnc/movies/flag.vqa
extract	movies.mix	dino.vqa	cnc/movies/dino.vqa
extract	movies.mix	desolat.vqa	cnc/movies/desolat.vqa
extract	movies.mix	consyard.vqa	cnc/movies/consyard.vqa
extract	movies.mix	cc2tease.vqa	cnc/movies/cc2tease.vqa
extract	movies.mix	burdet2.vqa	cnc/movies/burdet2.vqa
extract	movies.mix	burdet1.vqa	cnc/movies/burdet1.vqa
extract	movies.mix	bombflee.vqa	cnc/movies/bombflee.vqa
extract	movies.mix	bombaway.vqa	cnc/movies/bombaway.vqa
extract	movies.mix	bkground.vqa	cnc/movies/bkground.vqa
extract	movies.mix	bcanyon.vqa	cnc/movies/bcanyon.vqa
extract	movies.mix	banner.vqa	cnc/movies/banner.vqa
extract	movies.mix	visor.vqa	cnc/movies/visor.vqa
extract	movies.mix	trtkil_d.vqa	cnc/movies/trtkil_d.vqa
extract	movies.mix	trailer.vqa	cnc/movies/trailer.vqa
extract	movies.mix	tiberfx.vqa	cnc/movies/tiberfx.vqa
extract	movies.mix	tankkill.vqa	cnc/movies/tankkill.vqa
extract	movies.mix	tankgo.vqa	cnc/movies/tankgo.vqa
extract	movies.mix	sundial.vqa	cnc/movies/sundial.vqa
extract	movies.mix	stealth.vqa	cnc/movies/stealth.vqa
extract	movies.mix	spycrash.vqa	cnc/movies/spycrash.vqa
extract	movies.mix	sethpre.vqa	cnc/movies/sethpre.vqa
extract	movies.mix	seige.vqa	cnc/movies/seige.vqa
extract	movies.mix	samsite.vqa	cnc/movies/samsite.vqa
extract	movies.mix	retro.vqa	cnc/movies/retro.vqa
extract	movies.mix	refint.vqa	cnc/movies/refint.vqa
extract	movies.mix	obel.vqa	cnc/movies/obel.vqa
extract	movies.mix	nuke.vqa	cnc/movies/nuke.vqa
extract	movies.mix	nodlose.vqa	cnc/movies/nodlose.vqa
extract	movies.mix	nodfinal.vqa	cnc/movies/nodfinal.vqa
extract	movies.mix	nodend4.vqa	cnc/movies/nodend4.vqa
extract	movies.mix	nodend3.vqa	cnc/movies/nodend3.vqa
extract	movies.mix	nodend2.vqa	cnc/movies/nodend2.vqa
extract	movies.mix	nodend1.vqa	cnc/movies/nodend1.vqa
extract	movies.mix	nod9.vqa	cnc/movies/nod9.vqa
extract	movies.mix	nod8.vqa	cnc/movies/nod8.vqa
extract	movies.mix	nod7b.vqa	cnc/movies/nod7b.vqa
extract	movies.mix	nod7a.vqa	cnc/movies/nod7a.vqa
extract	movies.mix	nod6.vqa	cnc/movies/nod6.vqa
extract	movies.mix	nod5.vqa	cnc/movies/nod5.vqa
extract	movies.mix	nod4b.vqa	cnc/movies/nod4b.vqa
extract	movies.mix	nod4a.vqa	cnc/movies/nod4a.vqa
extract	movies.mix	nod3.vqa	cnc/movies/nod3.vqa
extract	movies.mix	nod2.vqa	cnc/movies/nod2.vqa
extract	movies.mix	nod1pre.vqa	cnc/movies/nod1pre.vqa
extract	movies.mix	nod13.vqa	cnc/movies/nod13.vqa
extract	movies.mix	nod12.vqa	cnc/movies/nod12.vqa
extract	movies.mix	nod11.vqa	cnc/movies/nod11.vqa
extract	movies.mix	nod10b.vqa	cnc/movies/nod10b.vqa
extract	movies.mix	nod10a.vqa	cnc/movies/nod10a.vqa
extract	movies.mix	nod1.vqa	cnc/movies/nod1.vqa
extract	movies.mix	logo.vqa	cnc/movies/logo.vqa
extract	movies.mix	landing.vqa	cnc/movies/landing.vqa
extract	movies.mix	kanepre.vqa	cnc/movies/kanepre.vqa
extract	movies.mix	intro2.vqa	cnc/movies/intro2.vqa
extract	movies.mix	insites.vqa	cnc/movies/insites.vqa
extract	movies.mix	generic.vqa	cnc/movies/generic.vqa
extract	movies.mix	gdi1.vqa	cnc/movies/gdi1.vqa
extract	movies.mix	gameover.vqa	cnc/movies/gameover.vqa
extract	movies.mix	forestkl.vqa	cnc/movies/forestkl.vqa
extract	movies.mix	flag.vqa	cnc/movies/flag.vqa
extract	movies.mix	dino.vqa	cnc/movies/dino.vqa
extract	movies.mix	dessweep.vqa	cnc/movies/dessweep.vqa
extract	movies.mix	deskill.vqa	cnc/movies/deskill.vqa
extract	movies.mix	desflees.vqa	cnc/movies/desflees.vqa
extract	movies.mix	consyard.vqa	cnc/movies/consyard.vqa
extract	movies.mix	cc2tease.vqa	cnc/movies/cc2tease.vqa
extract	movies.mix	bombflee.vqa	cnc/movies/bombflee.vqa
extract	movies.mix	bombaway.vqa	cnc/movies/bombaway.vqa
extract	movies.mix	bcanyon.vqa	cnc/movies/bcanyon.vqa
extract	movies.mix	banner.vqa	cnc/movies/banner.vqa
extract	movies.mix	akira.vqa	cnc/movies/akira.vqa
extract	movies.mix	airstrk.vqa	cnc/movies/airstrk.vqa
