!!!Rotr_Intrnl_AI.gib	7859d358e467e1c94fa9eb0adbadd82448f380db7d9e5a9f2b2ed5c180816574
!!!Rotr_Intrnl_Eng.gib	6d847ef6228fed27bea3fc035921f4fa248309db0cc8b2b97aab9ce32b843e5c
!!!Rotr_Intrnl_INI.gib	03b5aa6f055d9edbafec0d2c478f02060e71918b447ffbc78fd5fcfc007930b3
!!!Rotr_Intrnl_Main.gib	f34dcad53379a07449ad4ea37171964fb5c8863ac7d0719e2dc7c8c3cb6fcb6d
!!Rotr_Patch.gib	96d78bee4c4234bfc36573959fae3c96c90f4a4ded365cb2cc6f982dce24442d
!Rotr_2D.gib	cf9829e98b504dd4ae989b7a8169a90f58f5624d384e689b0371e5f22c1e6072
!Rotr_AI.gib	7b2f807591eccde091bedd37753db4c6e91ad916a7026e4f03b96a599ebb8a7a
!Rotr_Audio.gib	7e068697532ee15ee7d64e72363a2e4e4986cd0b9e4e9f0ab48c062a45e2e65c
!Rotr_Blckr.gib	9e76b64fef7b4c3d5b2dee0777126b3a3a027520a567af1738cee767a8ca8e99
!Rotr_English.gib	c2f4a7c05736e2b0d46bd258f4f60012782fe0997dd5f0c812141e72521f2e72
!Rotr_Maps.gib	64c891680a8a78baa473725f44728f7d5dcb710abaf5e4d7b3176d162d16dd12
!Rotr_Music.gib	134bd33c1a917de8b3b07de014a3cc1f1d275d043b6bf0a7edd6d8417ea71acf
!Rotr_Terrain.gib	3eb946b0e1f786e1cc9349bc973ad7eb51564d9746418fe4b02ce77e4e69e4fd
!Rotr_Textures.gib	6cf7ef1dae614f523ce3ee1280bf30cd2b78cdda6db50e1b1ad16b670e32afe1
!Rotr_Voice.gib	d156af3f99a609a649803c646aacf39b4ceae32eb25241356fa362611cc08fbe
!Rotr_W3D.gib	eeacaed886487c37e332203084b29146179525afa33360de369818516b4bda7a
!Rotr_Window.gib	06b97fc4107a25e5fc0f63860ebb02bbc7770331eeef0b8eb19aabc9936b8ae6
Install_Final.bmp	6414fbc787deeddd0a998362ec9e35165a6ffab7ca9d83b6214c2f53daa9c9fc
