!0Shwpatch.gib	f633324e257fa5cd60a44bc200ddfc3f04c66e05acb8ea62fd19486a98e9e034	http://gen.insave.ovh:9000/shockwave/shockwave-individual-files/%210Shwpatch.gib
!Shw2DArt.gib	994494915b28196ca3c70f3f82ecbf88834ebda30fa5e9a00bbd409ca2b65f15	http://gen.insave.ovh:9000/shockwave/shockwave-individual-files/%21Shw2DArt.gib
!ShwAudio.gib	8b077bdc40c8e1446f56378077f997914c9d7e5768617e4772de310a8cc478de	http://gen.insave.ovh:9000/shockwave/shockwave-individual-files/%21ShwAudio.gib
!ShwTextures.gib	d8021f85d32578fa04be2e3af5b3a44e1ea9ebd48a58c2560e9ad4a263e21415	http://gen.insave.ovh:9000/shockwave/shockwave-individual-files/%21ShwTextures.gib
!ShwVoice.gib	db30c03a885c0bf53315e7da224f4b449c13a1d05c26271ed3b19c1ed7321bbd	http://gen.insave.ovh:9000/shockwave/shockwave-individual-files/%21ShwVoice.gib
!ShwW3D.gib	b652c0bd948beef6673b4b64932c88a5c6eb30fccbd14b0d8db73b7809fbbc3e	http://gen.insave.ovh:9000/shockwave/shockwave-individual-files/%21ShwW3D.gib
!Shw_Challenge.gib	26700bdae61be8954eeaf7af1d6aa542eedf8ad14d4f2711967e479be11f4dd0	http://gen.insave.ovh:9000/shockwave/shockwave-individual-files/%21Shw_Challenge.gib
!Shw_ini.gib	46dab5fe59a8713f1b3e73b544d883432442a585a10062473c24141de64d96e2	http://gen.insave.ovh:9000/shockwave/shockwave-individual-files/%21Shw_ini.gib
!Shw_maps.gib	3183505212f61810e099963ec59c1ee1317d1640acfea62329cd878dd7036e58	http://gen.insave.ovh:9000/shockwave/shockwave-individual-files/%21Shw_maps.gib
!Shw_scripts.gib	d5926738a8498840f749a8eef0f22c3286c7f06059b7ab48a95ddb2adaaa8382	http://gen.insave.ovh:9000/shockwave/shockwave-individual-files/%21Shw_scripts.gib
!Shw_wnd.gib	c287fac27b3657ed94113e255fac86515b7ef752c58eeb1780a04ac824364035	http://gen.insave.ovh:9000/shockwave/shockwave-individual-files/%21Shw_wnd.gib
install_final.bmp	59b288d692b362b6ba6d58b5e7b79114d3f485250dadabe2b0d8af2678ed684a	http://gen.insave.ovh:9000/shockwave/shockwave-individual-files/install_final.bmp
