!TEOD_English.big	9dc68b59b17d2c67082c870858cdc4bd3515cf4eeabaa59cc18e6012d9bd0468	http://gen.insave.ovh:9000/teod/teod-individual-files/%21TEOD_English.big
!TEOD_INI.big	9eebf5f8dc62dc063690a11ac16390be39bd51334ebad9ce1ab89fac81eca312	http://gen.insave.ovh:9000/teod/teod-individual-files/%21TEOD_INI.big
!TEOD_Maps.big	70b5ce5b76559717ee5dceb7c0ac1125909a70dc1bcf9b474bdcbfa454e9b29e	http://gen.insave.ovh:9000/teod/teod-individual-files/%21TEOD_Maps.big
!TEOD_Music.big	159b14133e5b35186a35cc4c85a03951f67724f7e5570d5e96deeb7d6adbd557	http://gen.insave.ovh:9000/teod/teod-individual-files/%21TEOD_Music.big
!TEOD_Sounds.big	a427e9ca9b823d2ca0c77709732d21c204c8d6e5e2a5841b3bfc7fad3cd651f3	http://gen.insave.ovh:9000/teod/teod-individual-files/%21TEOD_Sounds.big
!TEOD_Speech.big	3c111eeacdb3888f91804287da3b753fa39b649a830e2051b19fd52eab34ef09	http://gen.insave.ovh:9000/teod/teod-individual-files/%21TEOD_Speech.big
!TEOD_Terrain.big	16e3f9c348f7e4ef1dc3c374d48115a5ef71ad4c91db1df13816c8f354a2161f	http://gen.insave.ovh:9000/teod/teod-individual-files/%21TEOD_Terrain.big
!TEOD_Textures.big	d217b6018ea74f0a5ec10f638064f5445eac6982f44c4e4ae423e17477f42f4b	http://gen.insave.ovh:9000/teod/teod-individual-files/%21TEOD_Textures.big
!TEOD_Voices.big	904241e4fe6415bb0bf9daaea6588c31d5423eb83e681656641f9c1df62c5630	http://gen.insave.ovh:9000/teod/teod-individual-files/%21TEOD_Voices.big
!TEOD_W3D.big	65dc1e14ff8e59d2ec98531c5b1a22c49c1d5c0eeb39d70ba74653a10213c110	http://gen.insave.ovh:9000/teod/teod-individual-files/%21TEOD_W3D.big
!TEOD_Window.big	56c605d58942c978ac1a3a051aba974798d07973fa7fe03d96678064dde9fca8	http://gen.insave.ovh:9000/teod/teod-individual-files/%21TEOD_Window.big
Data/English/generals.csf	256e6acf71f99618ba22de9094ee38a917c100de8484dd3b2a5d6b323d48c56d	http://gen.insave.ovh:9000/teod/teod-individual-files/Data/English/generals.csf
Data/Scripts/MultiplayerScripts.scb	90911b2d4c7cc9f3fe34545c4a976f621e39469a4a5b3546b8e660e559e7d902	http://gen.insave.ovh:9000/teod/teod-individual-files/Data/Scripts/MultiplayerScripts.scb
Data/Scripts/Scripts.ini	5243a07060cf1261caa34cbd7e4c39e71d48b8c2ea30971ff8cc234f3506d8f4	http://gen.insave.ovh:9000/teod/teod-individual-files/Data/Scripts/Scripts.ini
Data/Scripts/SkirmishScripts.scb	ec90ad95c661b35a5cd8f9593135a3cadeed0d9b646dbc433c7e931c2bf878bc	http://gen.insave.ovh:9000/teod/teod-individual-files/Data/Scripts/SkirmishScripts.scb
Install_Final.bmp	32f672d43961055170eb84fe17603e659360270be2edee86c5ddc6c2cc56e0a9	http://gen.insave.ovh:9000/teod/teod-individual-files/Install_Final.bmp
